Name,Email,Phone,Timestamp
Donald Nwokoro,infect3dlab@gmail.com,+2348162363061,2025-03-20T23:11:22.832821
Jefferson Smith,jeffersonsmith@gmail.com,+2348162306711,2025-03-20T23:25:21.464617
Roger Smith,rogersmith@hotmail.com,+2348162362081,2025-03-21T00:29:47.489531
Donald Nwokoro,infect3dlab@gmail.com,+2348162363061,2025-03-21T05:15:13.993270
James Doe,jamesdoe@gmail.com,+2348162363061,2025-03-21T11:31:51.072710
Jane Doe,janedoe@gmail.com,+2348162363061,2025-03-21T11:38:04.043020
Janeth Doe,jannesdoe@gmail.com,+2348162363061,2025-03-21T11:40:23.472739
Jayesh Doe,jayeshdoe@gmail.com,+2348162363061,2025-03-21T11:48:46.718033
Donald Nwokoro,infect3dlab@gmail.com,+2348162363061,2025-03-21T13:21:50.286787
